miRNA,gene
hsa-miR-1_st,FAM150B
hsa-miR-141_st,CCNE2
hsa-miR-141_st,CELF6
hsa-miR-141_st,CLIP2
hsa-miR-141_st,CRIP2
hsa-miR-141_st,CRLF3
hsa-miR-141_st,CSF3
hsa-miR-141_st,DMWD
hsa-miR-141_st,DNAH17
hsa-miR-141_st,DSTYK
hsa-miR-141_st,ELAVL2
hsa-miR-141_st,ELAVL4
hsa-miR-141_st,EPGN
hsa-miR-141_st,EPHA2
hsa-miR-141_st,EPHA5
hsa-miR-141_st,FAM184B
hsa-miR-141_st,FBXL19
hsa-miR-141_st,FBXL2
hsa-miR-141_st,FOXA1
hsa-miR-141_st,FRMD6
hsa-miR-141_st,AMPD2
hsa-miR-141_st,GATA3
hsa-miR-141_st,GCNT2
hsa-miR-141_st,GEMIN5
hsa-miR-141_st,GLCCI1
hsa-miR-141_st,GPC2
hsa-miR-141_st,GPR12
hsa-miR-141_st,GPR75
hsa-miR-141_st,GREB1L
hsa-miR-141_st,GSG1
hsa-miR-141_st,HDAC4
hsa-miR-141_st,HOXA11
hsa-miR-141_st,HOXB5
hsa-miR-141_st,HOXC13
hsa-miR-141_st,HRH4
hsa-miR-141_st,IGF2BP1
hsa-miR-141_st,IGSF9B
hsa-miR-141_st,KCNH3
hsa-miR-141_st,APOH
hsa-miR-141_st,KIAA1211
hsa-miR-141_st,LETM2
hsa-miR-141_st,LONRF2
hsa-miR-141_st,LPIN2
hsa-miR-141_st,LRRC8A
hsa-miR-141_st,LSAMP
hsa-miR-141_st,ARHGAP23
hsa-miR-141_st,MDGA1
hsa-miR-141_st,MMP16
hsa-miR-141_st,ARL4A
hsa-miR-141_st,NCAM1
hsa-miR-141_st,NCAN
hsa-miR-141_st,NECAB1
hsa-miR-141_st,NR6A1
hsa-miR-141_st,NRIP3
hsa-miR-141_st,NRXN1
hsa-miR-141_st,NXPH2
hsa-miR-141_st,OSBPL11
hsa-miR-141_st,PALM2-AKAP2
hsa-miR-141_st,PAPLN
hsa-miR-141_st,PAQR5
hsa-miR-141_st,PCDH8
hsa-miR-141_st,PFKM
hsa-miR-141_st,ASXL3
hsa-miR-141_st,PIGW
hsa-miR-141_st,PIM2
hsa-miR-141_st,PITX2
hsa-miR-141_st,PLCB4
hsa-miR-141_st,PLCL1
hsa-miR-141_st,PLCXD3
hsa-miR-141_st,PLXDC1
hsa-miR-141_st,PLXNA3
hsa-miR-141_st,POU4F1
hsa-miR-141_st,PPP2R2B
hsa-miR-141_st,PPP3R2
hsa-miR-141_st,PRELID2
hsa-miR-141_st,PTCHD3
hsa-miR-141_st,QPCTL
hsa-miR-141_st,RALGPS1
hsa-miR-141_st,ATP8A2
hsa-miR-141_st,REEP3
hsa-miR-141_st,RGL1
hsa-miR-141_st,RIMS1
hsa-miR-141_st,SCEL
hsa-miR-141_st,SERPINC1
hsa-miR-141_st,SHROOM4
hsa-miR-141_st,SIX1
hsa-miR-141_st,SLC14A1
hsa-miR-141_st,SLC29A2
hsa-miR-141_st,SLC6A5
hsa-miR-141_st,SNAP91
hsa-miR-141_st,STAT4
hsa-miR-141_st,ACPP
hsa-miR-141_st,SYT6
hsa-miR-141_st,TAF12
hsa-miR-141_st,TAP2
hsa-miR-141_st,TFAP2A
hsa-miR-141_st,TIAL1
hsa-miR-141_st,TMEM130
hsa-miR-141_st,TMEM192
hsa-miR-141_st,BRD3
hsa-miR-141_st,BRMS1L
hsa-miR-141_st,TTYH2
hsa-miR-141_st,UNC119B
hsa-miR-141_st,UNC5C
hsa-miR-141_st,VSIG8
hsa-miR-141_st,ZNF516
hsa-miR-152_st,CEP63
hsa-miR-152_st,DHRS13
hsa-miR-152_st,DRGX
hsa-miR-152_st,EPHA8
hsa-miR-152_st,GAP43
hsa-miR-152_st,ING5
hsa-miR-152_st,ITSN2
hsa-miR-152_st,LYPD3
hsa-miR-152_st,NOG
hsa-miR-152_st,PAQR9
hsa-miR-152_st,RBM3
hsa-miR-152_st,RPH3AL
hsa-miR-152_st,B4GALT2
hsa-miR-152_st,SGMS1
hsa-miR-152_st,SNAP91
hsa-miR-152_st,BMP7
hsa-miR-152_st,WNT1
hsa-miR-152_st,YPEL3
hsa-miR-152_st,C1orf35
hsa-miR-16_st,CNKSR3
hsa-miR-16_st,ADO
hsa-miR-16_st,CSMD1
hsa-miR-16_st,DCUN1D1
hsa-miR-16_st,E2F3
hsa-miR-16_st,ELK4
hsa-miR-16_st,ETS1
hsa-miR-16_st,FAM81A
hsa-miR-16_st,FBXO33
hsa-miR-16_st,GLP1R
hsa-miR-16_st,GRK5
hsa-miR-16_st,IL1RAPL1
hsa-miR-16_st,ITGA2
hsa-miR-16_st,KCNC4
hsa-miR-16_st,KLHL15
hsa-miR-16_st,LIN28A
hsa-miR-16_st,ARHGDIA
hsa-miR-16_st,MYBL1
hsa-miR-16_st,PPP2R2D
hsa-miR-16_st,RAB11FIP1
hsa-miR-16_st,RFX3
hsa-miR-16_st,ATXN7L1
hsa-miR-16_st,RUNX1
hsa-miR-16_st,SLC12A2
hsa-miR-16_st,SLC24A3
hsa-miR-16_st,BCL11B
hsa-miR-16_st,SOCS5
hsa-miR-16_st,SPRY4
hsa-miR-16_st,WWC1
hsa-miR-16_st,ZNF592
hsa-miR-16_st,CASR
hsa-miR-195_st,CNDP2
hsa-miR-195_st,SLC43A1
hsa-miR-195_st,SLC7A2
hsa-miR-200a_st,NFIB
hsa-miR-200a_st,NUFIP2
hsa-miR-200a_st,PEBP1
hsa-miR-200c_st,NRG3
hsa-miR-203_st,ADAMTS17
hsa-miR-203_st,CDH10
hsa-miR-203_st,CITED2
hsa-miR-203_st,DMRT2
hsa-miR-203_st,DNAJC21
hsa-miR-203_st,DYM
hsa-miR-203_st,ELL2
hsa-miR-203_st,ABCE1
hsa-miR-203_st,ERI2
hsa-miR-203_st,FAM13A
hsa-miR-203_st,FAM92A1
hsa-miR-203_st,GABRB3
hsa-miR-203_st,GATM
hsa-miR-203_st,ANGPTL1
hsa-miR-203_st,GPR155
hsa-miR-203_st,GSTA4
hsa-miR-203_st,HADHB
hsa-miR-203_st,ID4
hsa-miR-203_st,KCTD16
hsa-miR-203_st,KIAA1009
hsa-miR-203_st,LIFR
hsa-miR-203_st,LIMD1
hsa-miR-203_st,LNX2
hsa-miR-203_st,LRRC28
hsa-miR-203_st,MAN1A2
hsa-miR-203_st,MAPK9
hsa-miR-203_st,NIPAL2
hsa-miR-203_st,NPRL2
hsa-miR-203_st,NR5A2
hsa-miR-203_st,NSUN7
hsa-miR-203_st,PAIP2B
hsa-miR-203_st,PAPSS2
hsa-miR-203_st,PCBP2
hsa-miR-203_st,PCDH9
hsa-miR-203_st,PDGFD
hsa-miR-203_st,PELI2
hsa-miR-203_st,PEX3
hsa-miR-203_st,ACADSB
hsa-miR-203_st,PKHD1
hsa-miR-203_st,PLG
hsa-miR-203_st,REPS1
hsa-miR-203_st,RPL23A
hsa-miR-203_st,RPS24
hsa-miR-203_st,RWDD1
hsa-miR-203_st,RWDD4
hsa-miR-203_st,SCFD1
hsa-miR-203_st,SCN1A
hsa-miR-203_st,SDK1
hsa-miR-203_st,BACE1
hsa-miR-203_st,SEL1L
hsa-miR-203_st,ACO1
hsa-miR-203_st,ACOT13
hsa-miR-203_st,BANF1
hsa-miR-203_st,SLC16A12
hsa-miR-203_st,SLC22A23
hsa-miR-203_st,BCAT1
hsa-miR-203_st,SV2B
hsa-miR-203_st,TAF9B
hsa-miR-203_st,TIFA
hsa-miR-203_st,TMED10
hsa-miR-203_st,TMEM192
hsa-miR-203_st,TMEM57
hsa-miR-203_st,BTD
hsa-miR-203_st,TXNDC16
hsa-miR-203_st,C4orf33
hsa-miR-204_st,CDH11
hsa-miR-100_st,HES7
hsa-miR-100_st,HS3ST2
hsa-miR-100_st,ST6GALNAC4
hsa-miR-100_st,ZZEF1
hsa-miR-206_st,CCDC85C
hsa-miR-206_st,CCNC
hsa-miR-206_st,CCZ1
hsa-miR-206_st,CDK14
hsa-miR-206_st,CDK4
hsa-miR-206_st,ADAR
hsa-miR-206_st,CFDP1
hsa-miR-206_st,CNN3
hsa-miR-206_st,ABCB11
hsa-miR-206_st,COL4A3BP
hsa-miR-206_st,CPEB1
hsa-miR-206_st,CPLX2
hsa-miR-206_st,CREBL2
hsa-miR-206_st,ABCB7
hsa-miR-206_st,CTNND2
hsa-miR-206_st,CXorf23
hsa-miR-206_st,DBP
hsa-miR-206_st,AGBL5
hsa-miR-206_st,DCP2
hsa-miR-206_st,DDX17
hsa-miR-206_st,DDX3X
hsa-miR-206_st,DDX5
hsa-miR-206_st,DGKH
hsa-miR-206_st,DICER1
hsa-miR-206_st,DLG1
hsa-miR-206_st,DLG4
hsa-miR-206_st,DNAJC5
hsa-miR-206_st,DNAJC6
hsa-miR-206_st,DONSON
hsa-miR-206_st,DPY19L3
hsa-miR-206_st,EBPL
hsa-miR-206_st,EDN1
hsa-miR-206_st,EID1
hsa-miR-206_st,EIF1AD
hsa-miR-206_st,AKAP11
hsa-miR-206_st,ELOVL6
hsa-miR-206_st,ENTPD7
hsa-miR-206_st,ERMP1
hsa-miR-206_st,EYA3
hsa-miR-206_st,FADS1
hsa-miR-206_st,FAF2
hsa-miR-206_st,FAM126A
hsa-miR-206_st,FAM150B
hsa-miR-206_st,FAM63B
hsa-miR-206_st,FAM84A
hsa-miR-206_st,FAM91A1
hsa-miR-206_st,FBXO30
hsa-miR-206_st,FBXW7
hsa-miR-206_st,FGD4
hsa-miR-206_st,FLNB
hsa-miR-206_st,FNBP1L
hsa-miR-206_st,FRS2
hsa-miR-206_st,G3BP2
hsa-miR-206_st,GAN
hsa-miR-206_st,GDAP1
hsa-miR-206_st,GLCE
hsa-miR-206_st,GLS
hsa-miR-206_st,GMFB
hsa-miR-206_st,ANKIB1
hsa-miR-206_st,GNAI3
hsa-miR-206_st,GNB4
hsa-miR-206_st,GNE
hsa-miR-206_st,GNPNAT1
hsa-miR-206_st,GNPTAB
hsa-miR-206_st,GOLPH3
hsa-miR-206_st,ANKRD13A
hsa-miR-206_st,GPD2
hsa-miR-206_st,ANKRD13C
hsa-miR-206_st,GPR158
hsa-miR-206_st,GRK6
hsa-miR-206_st,GTDC1
hsa-miR-206_st,GTF2B
hsa-miR-206_st,GXYLT1
hsa-miR-206_st,HACE1
hsa-miR-206_st,HIAT1
hsa-miR-206_st,HIGD1A
hsa-miR-206_st,HMGB1
hsa-miR-206_st,HMGN3
hsa-miR-206_st,HNRNPU
hsa-miR-206_st,ANP32E
hsa-miR-206_st,HSP90B1
hsa-miR-206_st,IL6ST
hsa-miR-206_st,IPMK
hsa-miR-206_st,IPO8
hsa-miR-206_st,JAM3
hsa-miR-206_st,JARID2
hsa-miR-206_st,JMY
hsa-miR-206_st,KDM5C
hsa-miR-206_st,KIAA1522
hsa-miR-206_st,KIAA2022
hsa-miR-206_st,KIF2A
hsa-miR-206_st,KLF13
hsa-miR-206_st,KPNB1
hsa-miR-206_st,KTN1
hsa-miR-206_st,ARCN1
hsa-miR-206_st,ARF4
hsa-miR-206_st,LIN7C
hsa-miR-206_st,LMBR1
hsa-miR-206_st,LRCH3
hsa-miR-206_st,MAML2
hsa-miR-206_st,MAP4K2
hsa-miR-206_st,MAP4K3
hsa-miR-206_st,MARCKS
hsa-miR-206_st,MATR3
hsa-miR-206_st,MCTP1
hsa-miR-206_st,MED14
hsa-miR-206_st,ABL2
hsa-miR-206_st,MET
hsa-miR-206_st,METRNL
hsa-miR-206_st,MGAT4A
hsa-miR-206_st,MGAT5
hsa-miR-206_st,MIER1
hsa-miR-206_st,MKL2
hsa-miR-206_st,MON2
hsa-miR-206_st,MPP5
hsa-miR-206_st,MPP7
hsa-miR-206_st,MRPL35
hsa-miR-206_st,ARID2
hsa-miR-206_st,MTHFD2
hsa-miR-206_st,MTMR12
hsa-miR-206_st,MTSS1
hsa-miR-206_st,MYO1E
hsa-miR-206_st,MYO9A
hsa-miR-206_st,NAA20
hsa-miR-206_st,NANP
hsa-miR-206_st,NAV3
hsa-miR-206_st,NBEA
hsa-miR-206_st,NCOA3
hsa-miR-206_st,NDFIP2
hsa-miR-206_st,NDRG3
hsa-miR-206_st,NETO1
hsa-miR-206_st,NRCAM
hsa-miR-206_st,NSD1
hsa-miR-206_st,NUCKS1
hsa-miR-206_st,NXT2
hsa-miR-206_st,OSBPL8
hsa-miR-206_st,OSTF1
hsa-miR-206_st,OTUD5
hsa-miR-206_st,OTX2
hsa-miR-206_st,PAX6
hsa-miR-206_st,PDCD10
hsa-miR-206_st,PDE7A
hsa-miR-206_st,PDHA1
hsa-miR-206_st,PFN2
hsa-miR-206_st,PGR
hsa-miR-206_st,PHKG2
hsa-miR-206_st,PHLDA2
hsa-miR-206_st,PHLPP2
hsa-miR-206_st,PI4KA
hsa-miR-206_st,PIK3C2A
hsa-miR-206_st,PLA2G4A
hsa-miR-206_st,PLAG1
hsa-miR-206_st,PLD1
hsa-miR-206_st,ACAP2
hsa-miR-206_st,PPP4R2
hsa-miR-206_st,PPTC7
hsa-miR-206_st,PTGS1
hsa-miR-206_st,PTPLAD1
hsa-miR-206_st,PTPN2
hsa-miR-206_st,PTPN4
hsa-miR-206_st,PTPRA
hsa-miR-206_st,PTPRD
hsa-miR-206_st,PTPRG
hsa-miR-206_st,ATP6AP2
hsa-miR-206_st,RAB5A
hsa-miR-206_st,ATP6V1A
hsa-miR-206_st,RAD54L2
hsa-miR-206_st,ATP6V1B2
hsa-miR-206_st,RALGAPB
hsa-miR-206_st,RAPGEF2
hsa-miR-206_st,RASA1
hsa-miR-206_st,RBM27
hsa-miR-206_st,RCAN3
hsa-miR-206_st,RFFL
hsa-miR-206_st,RFX3
hsa-miR-206_st,RICTOR
hsa-miR-206_st,RNF111
hsa-miR-206_st,RNF14
hsa-miR-206_st,RNF141
hsa-miR-206_st,RNF145
hsa-miR-206_st,RNF150
hsa-miR-206_st,RNF213
hsa-miR-206_st,RNF24
hsa-miR-206_st,AVL9
hsa-miR-206_st,RNGTT
hsa-miR-206_st,ROGDI
hsa-miR-206_st,ROR1
hsa-miR-206_st,RORA
hsa-miR-206_st,AZIN1
hsa-miR-206_st,RRAGC
hsa-miR-206_st,RRAGD
hsa-miR-206_st,RRBP1
hsa-miR-206_st,RSBN1
hsa-miR-206_st,RSBN1L
hsa-miR-206_st,RUNDC3B
hsa-miR-206_st,RYBP
hsa-miR-206_st,SAMD8
hsa-miR-206_st,SCO1
hsa-miR-206_st,SEC22C
hsa-miR-206_st,SEC62
hsa-miR-206_st,SEMA5A
hsa-miR-206_st,SETBP1
hsa-miR-206_st,SFPQ
hsa-miR-206_st,SFXN1
hsa-miR-206_st,SFXN5
hsa-miR-206_st,SGIP1
hsa-miR-206_st,SLC10A7
hsa-miR-206_st,SLC15A2
hsa-miR-206_st,SLC20A1
hsa-miR-206_st,SLC25A36
hsa-miR-206_st,SLC27A4
hsa-miR-206_st,SLC30A1
hsa-miR-206_st,SLC30A6
hsa-miR-206_st,SLC30A9
hsa-miR-206_st,SLC31A1
hsa-miR-206_st,SLC38A2
hsa-miR-206_st,SLC39A10
hsa-miR-206_st,SLC39A9
hsa-miR-206_st,SLC44A2
hsa-miR-206_st,SLC5A3
hsa-miR-206_st,SLC7A11
hsa-miR-206_st,SLC8A1
hsa-miR-206_st,SMAD2
hsa-miR-206_st,SMAP1
hsa-miR-206_st,BCL2L2
hsa-miR-206_st,SMEK2
hsa-miR-206_st,SNAI2
hsa-miR-206_st,SNX33
hsa-miR-206_st,SNX5
hsa-miR-206_st,SOX5
hsa-miR-206_st,SPTLC1
hsa-miR-206_st,SRGAP1
hsa-miR-206_st,SRSF9
hsa-miR-206_st,BET1
hsa-miR-206_st,STARD7
hsa-miR-206_st,STK39
hsa-miR-206_st,STX12
hsa-miR-206_st,BICD1
hsa-miR-206_st,STX6
hsa-miR-206_st,SUZ12
hsa-miR-206_st,SYT1
hsa-miR-206_st,SYT13
hsa-miR-206_st,TECPR2
hsa-miR-206_st,TEX2
hsa-miR-206_st,TGIF1
hsa-miR-206_st,TKT
hsa-miR-206_st,TLK2
hsa-miR-206_st,TMEM135
hsa-miR-206_st,TMEM55B
hsa-miR-206_st,TMEM68
hsa-miR-206_st,TMEM98
hsa-miR-206_st,TMSB4X
hsa-miR-206_st,TMX1
hsa-miR-206_st,BRIX1
hsa-miR-206_st,TNKS2
hsa-miR-206_st,TNPO1
hsa-miR-206_st,TNPO2
hsa-miR-206_st,TPK1
hsa-miR-206_st,TRAPPC4
hsa-miR-206_st,TRHDE
hsa-miR-206_st,TRIM44
hsa-miR-206_st,TSPAN9
hsa-miR-206_st,TTC7B
hsa-miR-206_st,TTR
hsa-miR-206_st,TXNL1
hsa-miR-206_st,UBE2R2
hsa-miR-206_st,UBN2
hsa-miR-206_st,UBQLN1
hsa-miR-206_st,UBR5
hsa-miR-206_st,UHMK1
hsa-miR-206_st,UHRF1BP1L
hsa-miR-206_st,UNC50
hsa-miR-206_st,USP33
hsa-miR-206_st,C10orf118
hsa-miR-206_st,UTP11L
hsa-miR-206_st,UTRN
hsa-miR-206_st,VAMP2
hsa-miR-206_st,VAPA
hsa-miR-206_st,VASP
hsa-miR-206_st,VEZF1
hsa-miR-206_st,VGLL4
hsa-miR-206_st,WASL
hsa-miR-206_st,WDR12
hsa-miR-206_st,WDR48
hsa-miR-206_st,WDR6
hsa-miR-206_st,WHSC1L1
hsa-miR-206_st,WIPF2
hsa-miR-206_st,YES1
hsa-miR-206_st,YIPF5
hsa-miR-206_st,C12orf4
hsa-miR-206_st,YWHAQ
hsa-miR-206_st,ZADH2
hsa-miR-206_st,ZMYND11
hsa-miR-206_st,ZNF146
hsa-miR-206_st,ZNF148
hsa-miR-206_st,ZNF217
hsa-miR-206_st,ZNF597
hsa-miR-206_st,ZNF800
hsa-miR-206_st,ZNF827
hsa-miR-206_st,ZXDB
hsa-miR-206_st,ZZZ3
hsa-miR-206_st,C2orf69
hsa-miR-206_st,C3orf14
hsa-miR-206_st,C5orf51
hsa-miR-206_st,CALM2
hsa-miR-206_st,CAND1
hsa-miR-206_st,CASK
hsa-miR-211_st,CCDC120
hsa-miR-211_st,CCPG1
hsa-miR-211_st,CHN2
hsa-miR-211_st,CIAO1
hsa-miR-211_st,CSE1L
hsa-miR-211_st,CUL4B
hsa-miR-211_st,DCAF16
hsa-miR-211_st,DDRGK1
hsa-miR-211_st,DEDD2
hsa-miR-211_st,DRAP1
hsa-miR-211_st,DUSP19
hsa-miR-211_st,DUSP6
hsa-miR-211_st,EIF4EBP2
hsa-miR-211_st,EXOC6B
hsa-miR-211_st,FAM76A
hsa-miR-211_st,FOXC1
hsa-miR-211_st,GDE1
hsa-miR-211_st,GPBP1L1
hsa-miR-211_st,GRAMD4
hsa-miR-211_st,GSTM3
hsa-miR-211_st,HHEX
hsa-miR-211_st,HMX1
hsa-miR-211_st,INPP4A
hsa-miR-211_st,KCNA3
hsa-miR-211_st,KLHL11
hsa-miR-211_st,LSM5
hsa-miR-211_st,MAP1LC3B
hsa-miR-211_st,MBTPS2
hsa-miR-211_st,MCTS1
hsa-miR-211_st,MMGT1
hsa-miR-211_st,MORC4
hsa-miR-211_st,MTMR7
hsa-miR-211_st,NKRF
hsa-miR-211_st,P2RX7
hsa-miR-211_st,PDE4A
hsa-miR-211_st,PGAM5
hsa-miR-211_st,POLA1
hsa-miR-211_st,POLI
hsa-miR-211_st,POMT1
hsa-miR-211_st,PPP1CC
hsa-miR-211_st,PREB
hsa-miR-211_st,ATP2B1
hsa-miR-211_st,PUM2
hsa-miR-211_st,RBM28
hsa-miR-211_st,RHOBTB3
hsa-miR-211_st,B3GNT1
hsa-miR-211_st,SEC61A2
hsa-miR-211_st,BCAP29
hsa-miR-211_st,SLC39A11
hsa-miR-211_st,SPCS1
hsa-miR-211_st,SYNJ2BP
hsa-miR-211_st,BNIP2
hsa-miR-211_st,TMBIM6
hsa-miR-211_st,TMEM164
hsa-miR-211_st,TMEM41A
hsa-miR-211_st,TMOD3
hsa-miR-211_st,TPRG1L
hsa-miR-211_st,ACSL4
hsa-miR-211_st,UBXN2A
hsa-miR-211_st,UFD1L
hsa-miR-211_st,WWC3
hsa-miR-211_st,YARS
hsa-miR-211_st,ZBTB8B
hsa-miR-211_st,ZNF638
hsa-miR-211_st,CAMK2D
hsa-miR-212_st,KCNK2
hsa-miR-215_st,CDC6
hsa-miR-215_st,CTH
hsa-miR-215_st,DNAJC19
hsa-miR-215_st,DPP10
hsa-miR-215_st,ELP4
hsa-miR-215_st,FUNDC2
hsa-miR-215_st,GLP1R
hsa-miR-215_st,B3GALNT2
hsa-miR-215_st,SLC39A8
hsa-miR-217_st,ITGBL1
hsa-miR-217_st,ATP10A
hsa-miR-219-5p_st,CLASP1
hsa-miR-219-5p_st,CPNE3
hsa-miR-219-5p_st,EIF3J
hsa-miR-219-5p_st,ETV5
hsa-miR-219-5p_st,FURIN
hsa-miR-219-5p_st,GBA2
hsa-miR-219-5p_st,LSM10
hsa-miR-219-5p_st,MMS19
hsa-miR-219-5p_st,NUMB
hsa-miR-219-5p_st,OS9
hsa-miR-219-5p_st,P4HA1
hsa-miR-219-5p_st,PODXL
hsa-miR-219-5p_st,ATL2
hsa-miR-219-5p_st,PPP1R14B
hsa-miR-219-5p_st,PPP2CA
hsa-miR-219-5p_st,SAV1
hsa-miR-219-5p_st,SIPA1L1
hsa-miR-219-5p_st,SLC31A1
hsa-miR-219-5p_st,SLC35F5
hsa-miR-219-5p_st,SMC4
hsa-miR-219-5p_st,SPTBN1
hsa-miR-219-5p_st,TMEM189
hsa-miR-219-5p_st,TNPO3
hsa-miR-219-5p_st,UBE2H
hsa-miR-219-5p_st,UBE2N
hsa-miR-219-5p_st,CAPS
hsa-miR-222_st,CC2D1B
hsa-miR-222_st,CCT4
hsa-miR-222_st,CDH4
hsa-miR-222_st,CPPED1
hsa-miR-222_st,CTCF
hsa-miR-222_st,CTTN
hsa-miR-222_st,CUX2
hsa-miR-222_st,CXCR5
hsa-miR-222_st,DGKG
hsa-miR-222_st,DMRT3
hsa-miR-222_st,DNAJA2
hsa-miR-222_st,DNAJC14
hsa-miR-222_st,AIDA
hsa-miR-222_st,E2F2
hsa-miR-222_st,AJAP1
hsa-miR-222_st,EGFR
hsa-miR-222_st,ELP4
hsa-miR-222_st,EMX2
hsa-miR-222_st,ESR1
hsa-miR-222_st,ALG14
hsa-miR-222_st,FAM53B
hsa-miR-222_st,ALG6
hsa-miR-222_st,FKBP9
hsa-miR-222_st,AMIGO1
hsa-miR-222_st,AMMECR1
hsa-miR-222_st,FRAT2
hsa-miR-222_st,GATA4
hsa-miR-222_st,GGA2
hsa-miR-222_st,GHR
hsa-miR-222_st,GPR12
hsa-miR-222_st,GRB10
hsa-miR-222_st,GRM1
hsa-miR-222_st,HCN4
hsa-miR-222_st,HECTD2
hsa-miR-222_st,HNRNPH3
hsa-miR-222_st,HOXA7
hsa-miR-222_st,IRX5
hsa-miR-222_st,KCNQ3
hsa-miR-222_st,KDM5B
hsa-miR-222_st,KIAA0368
hsa-miR-222_st,KIAA0430
hsa-miR-222_st,LRRC14
hsa-miR-222_st,LYSMD1
hsa-miR-222_st,ARHGAP28
hsa-miR-222_st,MCTS1
hsa-miR-222_st,MDM4
hsa-miR-222_st,MESDC1
hsa-miR-222_st,MLXIP
hsa-miR-222_st,ARID1A
hsa-miR-222_st,MYEF2
hsa-miR-222_st,NAP1L2
hsa-miR-222_st,NDST3
hsa-miR-222_st,NIPAL4
hsa-miR-222_st,NNT
hsa-miR-222_st,NOVA1
hsa-miR-222_st,NR4A1
hsa-miR-222_st,NSMCE4A
hsa-miR-222_st,NSUN4
hsa-miR-222_st,OIP5
hsa-miR-222_st,PACS2
hsa-miR-222_st,PAK1
hsa-miR-222_st,PCDHAC1
hsa-miR-222_st,PDGFA
hsa-miR-222_st,PEG3
hsa-miR-222_st,PHF12
hsa-miR-222_st,PHF2
hsa-miR-222_st,PLD5
hsa-miR-222_st,PNO1
hsa-miR-222_st,POGZ
hsa-miR-222_st,POLR3E
hsa-miR-222_st,PRRG3
hsa-miR-222_st,PRUNE
hsa-miR-222_st,PTPMT1
hsa-miR-222_st,PTPN3
hsa-miR-222_st,PTS
hsa-miR-222_st,RBL1
hsa-miR-222_st,ATPAF1
hsa-miR-222_st,RECK
hsa-miR-222_st,ATXN7
hsa-miR-222_st,RND2
hsa-miR-222_st,RNPS1
hsa-miR-222_st,AXIN2
hsa-miR-222_st,RREB1
hsa-miR-222_st,SCD5
hsa-miR-222_st,SEC23IP
hsa-miR-222_st,SH3BP4
hsa-miR-222_st,SHC3
hsa-miR-222_st,SHISA9
hsa-miR-222_st,SKOR1
hsa-miR-222_st,SLC16A6
hsa-miR-222_st,BBC3
hsa-miR-222_st,SLC25A37
hsa-miR-222_st,SLITRK5
hsa-miR-222_st,SMC1A
hsa-miR-222_st,SNCB
hsa-miR-222_st,SOCS1
hsa-miR-222_st,SOX1
hsa-miR-222_st,SOX10
hsa-miR-222_st,SOX18
hsa-miR-222_st,BEAN1
hsa-miR-222_st,SPPL3
hsa-miR-222_st,SRCIN1
hsa-miR-222_st,SRSF2
hsa-miR-222_st,STOX2
hsa-miR-222_st,STX1B
hsa-miR-222_st,SUN2
hsa-miR-222_st,TBC1D22B
hsa-miR-222_st,TCF24
hsa-miR-222_st,TCF3
hsa-miR-222_st,TRIB2
hsa-miR-222_st,TRIM71
hsa-miR-222_st,ACSL6
hsa-miR-222_st,UBL4A
hsa-miR-222_st,ULK2
hsa-miR-222_st,USP49
hsa-miR-222_st,WDR47
hsa-miR-222_st,WRN
hsa-miR-222_st,ZBTB39
hsa-miR-222_st,C16orf45
hsa-miR-222_st,ZNF618
hsa-miR-222_st,ZSWIM4
hsa-miR-222_st,C2CD2
hsa-miR-222_st,C3orf70
hsa-miR-222_st,CABP7
hsa-miR-222_st,ADAM11
hsa-miR-222_st,CAMKK1
hsa-miR-222_st,CASZ1
hsa-miR-28-5p_st,SRPRB
hsa-miR-105_st,FGF9
hsa-miR-105_st,LEFTY2
hsa-miR-105_st,LMX1A
hsa-miR-105_st,MARCH11
hsa-miR-105_st,OPCML
hsa-miR-105_st,TANC2
hsa-miR-300_st,CFTR
hsa-miR-300_st,CXXC4
hsa-miR-300_st,DDX6
hsa-miR-300_st,DIO2
hsa-miR-300_st,DNALI1
hsa-miR-300_st,DVL2
hsa-miR-300_st,ELOVL7
hsa-miR-300_st,EML1
hsa-miR-300_st,EPB41
hsa-miR-300_st,FAM175A
hsa-miR-300_st,FKBP5
hsa-miR-300_st,GAS2
hsa-miR-300_st,GIN1
hsa-miR-300_st,GPR34
hsa-miR-300_st,HAT1
hsa-miR-300_st,HIC1
hsa-miR-300_st,IL15RA
hsa-miR-300_st,IQSEC2
hsa-miR-300_st,JAG2
hsa-miR-300_st,APC
hsa-miR-300_st,KCTD12
hsa-miR-300_st,KIF3A
hsa-miR-300_st,MALT1
hsa-miR-300_st,MARCH1
hsa-miR-300_st,ARHGAP44
hsa-miR-300_st,MID2
hsa-miR-300_st,NDUFAB1
hsa-miR-300_st,NFASC
hsa-miR-300_st,NUDT4
hsa-miR-300_st,OTUD3
hsa-miR-300_st,PBX1
hsa-miR-300_st,PCSK2
hsa-miR-300_st,PIK3C3
hsa-miR-300_st,PPM1D
hsa-miR-300_st,PTCHD3
hsa-miR-300_st,RAP1GDS1
hsa-miR-300_st,ATRN
hsa-miR-300_st,RIMKLB
hsa-miR-300_st,RNF144A
hsa-miR-300_st,RPL22
hsa-miR-300_st,RPL35A
hsa-miR-300_st,SELK
hsa-miR-300_st,SENP6
hsa-miR-300_st,SLC18A2
hsa-miR-300_st,SLC30A4
hsa-miR-300_st,BCKDHB
hsa-miR-300_st,SMO
hsa-miR-300_st,SP5
hsa-miR-300_st,SYF2
hsa-miR-300_st,TAF3
hsa-miR-300_st,TGFB3
hsa-miR-300_st,TMEM39A
hsa-miR-300_st,UBE2F
hsa-miR-300_st,VAV3
hsa-miR-300_st,WDR91
hsa-miR-300_st,ZBTB16
hsa-miR-300_st,ZFYVE21
hsa-miR-300_st,CADPS2
hsa-miR-3064-5p_st,CCDC97
hsa-miR-3064-5p_st,CISH
hsa-miR-3064-5p_st,CRY2
hsa-miR-3064-5p_st,EFR3B
hsa-miR-3064-5p_st,EIF4B
hsa-miR-3064-5p_st,FAM149B1
hsa-miR-3064-5p_st,ABHD15
hsa-miR-3064-5p_st,GPRC5C
hsa-miR-3064-5p_st,GSG1
hsa-miR-3064-5p_st,GSG1L
hsa-miR-3064-5p_st,HSPB6
hsa-miR-3064-5p_st,IQCK
hsa-miR-3064-5p_st,JMJD7-PLA2G4B
hsa-miR-3064-5p_st,MRPL3
hsa-miR-3064-5p_st,MTHFR
hsa-miR-3064-5p_st,NT5C1A
hsa-miR-3064-5p_st,NUDCD3
hsa-miR-3064-5p_st,NUP214
hsa-miR-3064-5p_st,NXN
hsa-miR-3064-5p_st,POLDIP3
hsa-miR-3064-5p_st,RORB
hsa-miR-3064-5p_st,SCAMP5
hsa-miR-3064-5p_st,SCN1A
hsa-miR-3064-5p_st,SHPK
hsa-miR-3064-5p_st,SLC16A10
hsa-miR-3064-5p_st,BCL2L13
hsa-miR-3064-5p_st,SPR
hsa-miR-3064-5p_st,SYT2
hsa-miR-3064-5p_st,TCP1
hsa-miR-3064-5p_st,TCP11
hsa-miR-3064-5p_st,TRIM24
hsa-miR-3064-5p_st,WDR55
hsa-miR-3064-5p_st,ZNF704
hsa-miR-3064-5p_st,CAMK2B
hsa-miR-32_st,COL1A2
hsa-miR-32_st,BGN
hsa-miR-326_st,CTRC
hsa-miR-326_st,DNAJB12
hsa-miR-326_st,AQP2
hsa-miR-326_st,LRRC34
hsa-miR-326_st,MYSM1
hsa-miR-326_st,PXN
hsa-miR-326_st,RARS2
hsa-miR-326_st,SLCO1A2
hsa-miR-326_st,BCLAF1
hsa-miR-326_st,SYPL2
hsa-miR-326_st,UHRF1BP1
hsa-miR-326_st,ZRANB3
hsa-miR-326_st,C4orf19
hsa-miR-330-5p_st,ADM2
hsa-miR-330-5p_st,DGKI
hsa-miR-330-5p_st,DTNB
hsa-miR-330-5p_st,FAM167B
hsa-miR-330-5p_st,KCNJ5
hsa-miR-330-5p_st,KCNK12
hsa-miR-330-5p_st,KCNK3
hsa-miR-330-5p_st,KIAA1958
hsa-miR-330-5p_st,NONO
hsa-miR-330-5p_st,NRGN
hsa-miR-330-5p_st,ARSB
hsa-miR-330-5p_st,P4HA2
hsa-miR-330-5p_st,PARP2
hsa-miR-330-5p_st,SH3PXD2A
hsa-miR-330-5p_st,TGM2
hsa-miR-330-5p_st,BTRC
hsa-miR-330-5p_st,WARS2
hsa-miR-330-5p_st,CAB39L
hsa-miR-362-3p_st,CSNK2A1
hsa-miR-362-3p_st,DAPK1
hsa-miR-362-3p_st,DDX19A
hsa-miR-362-3p_st,DDX6
hsa-miR-362-3p_st,AHNAK
hsa-miR-362-3p_st,DPYSL2
hsa-miR-362-3p_st,EIF4G1
hsa-miR-362-3p_st,ERI3
hsa-miR-362-3p_st,FLNB
hsa-miR-362-3p_st,GLUD2
hsa-miR-362-3p_st,HNRNPL
hsa-miR-362-3p_st,METTL9
hsa-miR-362-3p_st,MRRF
hsa-miR-362-3p_st,PHB
hsa-miR-362-3p_st,PIP5K1C
hsa-miR-362-3p_st,PRKCA
hsa-miR-362-3p_st,RTF1
hsa-miR-362-3p_st,SEL1L3
hsa-miR-362-3p_st,SMARCAD1
hsa-miR-362-3p_st,SPCS2
hsa-miR-362-3p_st,TATDN2
hsa-miR-362-3p_st,USF2
hsa-miR-362-3p_st,WDR77
hsa-miR-362-3p_st,ACTR1A
hsa-miR-362-3p_st,C1orf27
hsa-miR-362-5p_st,CCDC91
hsa-miR-362-5p_st,CDKL2
hsa-miR-362-5p_st,CHD1
hsa-miR-362-5p_st,CHSY1
hsa-miR-362-5p_st,ADHFE1
hsa-miR-362-5p_st,FAM20B
hsa-miR-362-5p_st,FAM47E
hsa-miR-362-5p_st,HSDL2
hsa-miR-362-5p_st,HUNK
hsa-miR-362-5p_st,IL17RD
hsa-miR-362-5p_st,KCNRG
hsa-miR-362-5p_st,LEPRE1
hsa-miR-362-5p_st,LIN52
hsa-miR-362-5p_st,LPIN1
hsa-miR-362-5p_st,LUC7L3
hsa-miR-362-5p_st,MLEC
hsa-miR-362-5p_st,MTHFD1L
hsa-miR-362-5p_st,NUP35
hsa-miR-362-5p_st,PIGN
hsa-miR-362-5p_st,ATMIN
hsa-miR-362-5p_st,SLC38A11
hsa-miR-362-5p_st,STRN3
hsa-miR-362-5p_st,TMEM136
hsa-miR-362-5p_st,TRIM3
hsa-miR-362-5p_st,ZC3H4
hsa-miR-362-5p_st,CALCOCO1
hsa-miR-363_st,SOSTDC1
hsa-miR-107_st,COBLL1
hsa-miR-107_st,DCTN4
hsa-miR-107_st,DFFA
hsa-miR-107_st,DLL1
hsa-miR-107_st,DNAJC3
hsa-miR-107_st,FUCA2
hsa-miR-107_st,HTT
hsa-miR-107_st,IGSF9B
hsa-miR-107_st,MIF4GD
hsa-miR-107_st,MTUS1
hsa-miR-107_st,ARMC1
hsa-miR-107_st,ASH1L
hsa-miR-107_st,PDK4
hsa-miR-107_st,PGRMC2
hsa-miR-107_st,PHYHIPL
hsa-miR-107_st,POLDIP2
hsa-miR-107_st,PPIG
hsa-miR-107_st,ATP1B2
hsa-miR-107_st,SERPINB1
hsa-miR-107_st,BCKDK
hsa-miR-107_st,BCL2L2
hsa-miR-107_st,SRM
hsa-miR-107_st,STXBP6
hsa-miR-107_st,SYDE2
hsa-miR-107_st,SYNGR1
hsa-miR-107_st,TMEM52
hsa-miR-107_st,TTLL7
hsa-miR-107_st,UMOD
hsa-miR-107_st,VPS4A
hsa-miR-107_st,WWP2
hsa-miR-367_st,CDCA7L
hsa-miR-367_st,CEBPA
hsa-miR-367_st,CLEC16A
hsa-miR-367_st,CNTN4
hsa-miR-367_st,COL1A2
hsa-miR-367_st,CTTNBP2
hsa-miR-367_st,AFF4
hsa-miR-367_st,DBT
hsa-miR-367_st,DCLK2
hsa-miR-367_st,DDIT4
hsa-miR-367_st,DMXL1
hsa-miR-367_st,DNAJC4
hsa-miR-367_st,DOCK5
hsa-miR-367_st,DPY30
hsa-miR-367_st,DTX2
hsa-miR-367_st,DUSP1
hsa-miR-367_st,DUSP5
hsa-miR-367_st,AKAP10
hsa-miR-367_st,EPHA8
hsa-miR-367_st,FAM160B1
hsa-miR-367_st,FAM20C
hsa-miR-367_st,FBXO32
hsa-miR-367_st,FMN2
hsa-miR-367_st,FNBP4
hsa-miR-367_st,FREM2
hsa-miR-367_st,GAA
hsa-miR-367_st,GALNT7
hsa-miR-367_st,GAP43
hsa-miR-367_st,GOLGA7
hsa-miR-367_st,GPR124
hsa-miR-367_st,GRM2
hsa-miR-367_st,HAND1
hsa-miR-367_st,HERC2
hsa-miR-367_st,ING5
hsa-miR-367_st,IRS2
hsa-miR-367_st,KIAA1024
hsa-miR-367_st,KLF3
hsa-miR-367_st,KLF6
hsa-miR-367_st,KLHL3
hsa-miR-367_st,KRT1
hsa-miR-367_st,LMBR1L
hsa-miR-367_st,LMO2
hsa-miR-367_st,LPP
hsa-miR-367_st,MAP1B
hsa-miR-367_st,MIER3
hsa-miR-367_st,MOAP1
hsa-miR-367_st,MOCS2
hsa-miR-367_st,MTA3
hsa-miR-367_st,N4BP2
hsa-miR-367_st,NEFH
hsa-miR-367_st,NFATC2IP
hsa-miR-367_st,NFE2L1
hsa-miR-367_st,NOTCH1
hsa-miR-367_st,PAPD7
hsa-miR-367_st,PDP2
hsa-miR-367_st,PHTF2
hsa-miR-367_st,POFUT2
hsa-miR-367_st,PRDM13
hsa-miR-367_st,PRKAA2
hsa-miR-367_st,PRKAR1B
hsa-miR-367_st,PTF1A
hsa-miR-367_st,ATP2B4
hsa-miR-367_st,RBFOX1
hsa-miR-367_st,RBPMS2
hsa-miR-367_st,REXO1
hsa-miR-367_st,RGS3
hsa-miR-367_st,ROBO1
hsa-miR-367_st,SCN8A
hsa-miR-367_st,SETD7
hsa-miR-367_st,SH3D19
hsa-miR-367_st,SH3PXD2A
hsa-miR-367_st,SLX4
hsa-miR-367_st,SNAI1
hsa-miR-367_st,SORCS3
hsa-miR-367_st,SOSTDC1
hsa-miR-367_st,SPRYD4
hsa-miR-367_st,BMP2K
hsa-miR-367_st,TEAD1
hsa-miR-367_st,TGFB2
hsa-miR-367_st,TMCC3
hsa-miR-367_st,BSDC1
hsa-miR-367_st,TRIO
hsa-miR-367_st,TSC1
hsa-miR-367_st,UBE2Z
hsa-miR-367_st,UGP2
hsa-miR-367_st,USP36
hsa-miR-367_st,ACTC1
hsa-miR-367_st,WDFY3
hsa-miR-367_st,ZNF804B
hsa-miR-367_st,ZNF827
hsa-miR-367_st,CACNA2D1
hsa-miR-372_st,CC2D1A
hsa-miR-372_st,CD226
hsa-miR-372_st,CHD1
hsa-miR-372_st,CNOT6
hsa-miR-372_st,CTSA
hsa-miR-372_st,DCAF7
hsa-miR-372_st,AKT1
hsa-miR-372_st,IFT74
hsa-miR-372_st,ITGB8
hsa-miR-372_st,MYBL1
hsa-miR-372_st,ARMC8
hsa-miR-372_st,PCBD1
hsa-miR-372_st,PMPCB
hsa-miR-372_st,PTDSS1
hsa-miR-372_st,RAD18
hsa-miR-372_st,RSRC2
hsa-miR-372_st,SLC25A12
hsa-miR-372_st,SNTB2
hsa-miR-372_st,TRIM8
hsa-miR-372_st,ZC3HAV1L
hsa-miR-372_st,ZNF362
hsa-miR-372_st,C2orf44
hsa-miR-373_st,CECR2
hsa-miR-373_st,ADRB1
hsa-miR-373_st,CXorf67
hsa-miR-373_st,DPYSL5
hsa-miR-373_st,GNAL
hsa-miR-373_st,GPR12
hsa-miR-373_st,GPR161
hsa-miR-373_st,HOXB13
hsa-miR-373_st,LHX6
hsa-miR-373_st,LRIT1
hsa-miR-373_st,ARHGEF10
hsa-miR-373_st,MIXL1
hsa-miR-373_st,POU6F1
hsa-miR-373_st,RBL1
hsa-miR-373_st,SCN5A
hsa-miR-373_st,SH2D5
hsa-miR-373_st,TMEM25
hsa-miR-373_st,TNR
hsa-miR-373_st,VLDLR
hsa-miR-373_st,WNT9B
hsa-miR-373_st,ZFPM1
hsa-miR-373_st,ACVR1C
hsa-miR-378_st,CDC20B
hsa-miR-378_st,CTDP1
hsa-miR-378_st,CUEDC1
hsa-miR-378_st,DSCAM
hsa-miR-378_st,DUSP8
hsa-miR-378_st,FAM83F
hsa-miR-378_st,FANCA
hsa-miR-378_st,FCRLB
hsa-miR-378_st,FRMPD4
hsa-miR-378_st,HIF3A
hsa-miR-378_st,HSPA12A
hsa-miR-378_st,IL1RAPL1
hsa-miR-378_st,IQSEC2
hsa-miR-378_st,KBTBD6
hsa-miR-378_st,KCND1
hsa-miR-378_st,KCTD7
hsa-miR-378_st,KIAA1875
hsa-miR-378_st,KIF26B
hsa-miR-378_st,KPNA6
hsa-miR-378_st,AQP3
hsa-miR-378_st,KSR1
hsa-miR-378_st,LAS1L
hsa-miR-378_st,LDLRAD2
hsa-miR-378_st,LENG9
hsa-miR-378_st,MED12L
hsa-miR-378_st,MEF2D
hsa-miR-378_st,MPP2
hsa-miR-378_st,NEUROD1
hsa-miR-378_st,NFRKB
hsa-miR-378_st,NKAIN1
hsa-miR-378_st,NPAS4
hsa-miR-378_st,PDE1B
hsa-miR-378_st,PHF7
hsa-miR-378_st,PIGV
hsa-miR-378_st,PIWIL2
hsa-miR-378_st,PLEKHA4
hsa-miR-378_st,ATG12
hsa-miR-378_st,ATG2A
hsa-miR-378_st,PTCD1
hsa-miR-378_st,RANBP10
hsa-miR-378_st,RCC2
hsa-miR-378_st,RCHY1
hsa-miR-378_st,RGAG4
hsa-miR-378_st,RIMS4
hsa-miR-378_st,RIT1
hsa-miR-378_st,RSPH4A
hsa-miR-378_st,SARM1
hsa-miR-378_st,SGCZ
hsa-miR-378_st,SHANK3
hsa-miR-378_st,SHISA9
hsa-miR-378_st,SIX5
hsa-miR-378_st,SKP2
hsa-miR-378_st,SLC7A6
hsa-miR-378_st,SLC9A5
hsa-miR-378_st,SOX7
hsa-miR-378_st,SUFU
hsa-miR-378_st,BMP2
hsa-miR-378_st,TBX6
hsa-miR-378_st,BOLL
hsa-miR-378_st,TRIM55
hsa-miR-378_st,TSPAN14
hsa-miR-378_st,TSPAN17
hsa-miR-378_st,VANGL1
hsa-miR-378_st,VAT1L
hsa-miR-378_st,C15orf61
hsa-miR-378_st,CALN1
hsa-miR-378_st,CATSPER4
hsa-miR-381_st,DKK3
hsa-miR-381_st,IGFBP5
hsa-miR-381_st,LAMA4
hsa-miR-381_st,OSBPL3
hsa-miR-381_st,BAMBI
hsa-miR-423-5p_st,CELSR2
hsa-miR-423-5p_st,CYP4F22
hsa-miR-423-5p_st,DYRK1B
hsa-miR-423-5p_st,ELAVL3
hsa-miR-423-5p_st,ENGASE
hsa-miR-423-5p_st,ERF
hsa-miR-423-5p_st,EVX1
hsa-miR-423-5p_st,FBXL16
hsa-miR-423-5p_st,AMBRA1
hsa-miR-423-5p_st,MED22
hsa-miR-423-5p_st,NFATC4
hsa-miR-423-5p_st,NPTXR
hsa-miR-423-5p_st,PEX16
hsa-miR-423-5p_st,ACHE
hsa-miR-423-5p_st,SMG6
hsa-miR-423-5p_st,TSPAN33
hsa-miR-423-5p_st,VGF
hsa-miR-423-5p_st,VPS37D
hsa-miR-424_st,ADAMTSL3
hsa-miR-424_st,CYB561
hsa-miR-424_st,EPB41L4B
hsa-miR-424_st,EPC1
hsa-miR-424_st,FAM110C
hsa-miR-424_st,INSR
hsa-miR-424_st,ISOC1
hsa-miR-424_st,KCTD8
hsa-miR-424_st,KHNYN
hsa-miR-424_st,MKNK1
hsa-miR-424_st,MT1H
hsa-miR-424_st,MYBL1
hsa-miR-424_st,OS9
hsa-miR-424_st,PHLPP2
hsa-miR-424_st,PPIF
hsa-miR-424_st,PPM1D
hsa-miR-424_st,PPP2R1B
hsa-miR-424_st,PRKAR2A
hsa-miR-424_st,PSAT1
hsa-miR-424_st,RAB3D
hsa-miR-424_st,RPS6KA6
hsa-miR-424_st,SIDT2
hsa-miR-424_st,SLC43A1
hsa-miR-424_st,TOMM20
hsa-miR-424_st,BTF3
hsa-miR-424_st,ZBTB39
hsa-miR-424_st,ZER1
hsa-miR-424_st,ZNF622
hsa-miR-429_st,CEBPD
hsa-miR-429_st,ADIPOR2
hsa-miR-429_st,DTNA
hsa-miR-429_st,EIF2A
hsa-miR-429_st,ERRFI1
hsa-miR-429_st,FAM149A
hsa-miR-429_st,HDHD2
hsa-miR-429_st,HNRNPH1
hsa-miR-429_st,ANO5
hsa-miR-429_st,HOOK1
hsa-miR-429_st,IFRD1
hsa-miR-429_st,KRR1
hsa-miR-429_st,NEDD1
hsa-miR-429_st,PLK2
hsa-miR-429_st,SLC39A14
hsa-miR-429_st,SSR3
hsa-miR-429_st,ST13
hsa-miR-429_st,TMEM14A
hsa-miR-429_st,C10orf118
hsa-miR-429_st,ZC3H15
hsa-miR-429_st,CACHD1
hsa-miR-454_st,CDK2AP2
hsa-miR-454_st,COL9A3
hsa-miR-454_st,ERN1
hsa-miR-454_st,ERO1LB
hsa-miR-454_st,GADD45B
hsa-miR-454_st,GPT2
hsa-miR-454_st,INSIG1
hsa-miR-454_st,IQGAP2
hsa-miR-454_st,MARK3
hsa-miR-454_st,MID1IP1
hsa-miR-454_st,ARHGEF4
hsa-miR-454_st,NR3C2
hsa-miR-454_st,PAK6
hsa-miR-454_st,PHF17
hsa-miR-454_st,PNRC1
hsa-miR-454_st,RNF180
hsa-miR-454_st,SHC3
hsa-miR-454_st,SLAIN1
hsa-miR-454_st,SLC35D1
hsa-miR-454_st,SND1
hsa-miR-454_st,SOX21
hsa-miR-454_st,SYBU
hsa-miR-454_st,TCIRG1
hsa-miR-454_st,TOB2
hsa-miR-454_st,UBB
hsa-miR-1271_st,CELF6
hsa-miR-1271_st,CENPP
hsa-miR-1271_st,CHST10
hsa-miR-1271_st,ADRA2C
hsa-miR-1271_st,DNAJC30
hsa-miR-1271_st,DPYSL5
hsa-miR-1271_st,DUSP4
hsa-miR-1271_st,EMILIN2
hsa-miR-1271_st,EVI5L
hsa-miR-1271_st,FOXRED2
hsa-miR-1271_st,FREM1
hsa-miR-1271_st,GALNT2
hsa-miR-1271_st,GJA3
hsa-miR-1271_st,GPRASP2
hsa-miR-1271_st,IGDCC3
hsa-miR-1271_st,ITPR2
hsa-miR-1271_st,KIAA1324
hsa-miR-1271_st,KIF26A
hsa-miR-1271_st,LRRC4
hsa-miR-1271_st,MAGI3
hsa-miR-1271_st,ARHGAP6
hsa-miR-1271_st,METTL8
hsa-miR-1271_st,MPP1
hsa-miR-1271_st,MYRIP
hsa-miR-1271_st,NKAP
hsa-miR-1271_st,PAQR5
hsa-miR-1271_st,PHF21B
hsa-miR-1271_st,PLA2G12A
hsa-miR-1271_st,PLCE1
hsa-miR-1271_st,PPM1F
hsa-miR-1271_st,PPP1R12C
hsa-miR-1271_st,PRDM16
hsa-miR-1271_st,PTPRN2
hsa-miR-1271_st,RAP1GAP2
hsa-miR-1271_st,RGS2
hsa-miR-1271_st,RNF112
hsa-miR-1271_st,RNF130
hsa-miR-1271_st,S100PBP
hsa-miR-1271_st,SALL4
hsa-miR-1271_st,SCN9A
hsa-miR-1271_st,SEZ6L2
hsa-miR-1271_st,SLC12A5
hsa-miR-1271_st,SLC25A15
hsa-miR-1271_st,SLC25A25
hsa-miR-1271_st,SLC38A4
hsa-miR-1271_st,SPATA13
hsa-miR-1271_st,SRCRB4D
hsa-miR-1271_st,STOX2
hsa-miR-1271_st,TBX1
hsa-miR-1271_st,TBX5
hsa-miR-1271_st,BNIP3
hsa-miR-1271_st,TMEM170A
hsa-miR-1271_st,TMEM97
hsa-miR-1271_st,UBE2D4
hsa-miR-1271_st,WHAMM
hsa-miR-1271_st,WNK2
hsa-miR-1271_st,YIPF4
hsa-miR-1271_st,ZNF189
hsa-miR-1271_st,ABAT
hsa-miR-1271_st,CADM2
hsa-miR-1271_st,CBLN4
hsa-miR-485-5p_st,CDX1
hsa-miR-485-5p_st,CTDNEP1
hsa-miR-485-5p_st,GPR3
hsa-miR-485-5p_st,HDAC5
hsa-miR-485-5p_st,KCNJ11
hsa-miR-485-5p_st,RASL10A
hsa-miR-485-5p_st,SLC39A14
hsa-miR-488_st,ABCA12
hsa-miR-488_st,CCDC93
hsa-miR-488_st,CENPO
hsa-miR-488_st,CRB3
hsa-miR-488_st,CREBZF
hsa-miR-488_st,AES
hsa-miR-488_st,CTH
hsa-miR-488_st,CTSO
hsa-miR-488_st,DAB2IP
hsa-miR-488_st,DCHS2
hsa-miR-488_st,DCX
hsa-miR-488_st,DHRS7
hsa-miR-488_st,DMBX1
hsa-miR-488_st,DNAJA2
hsa-miR-488_st,DNAJC10
hsa-miR-488_st,DRG1
hsa-miR-488_st,EBF2
hsa-miR-488_st,EIF2S2
hsa-miR-488_st,ELK3
hsa-miR-488_st,AKR1B1
hsa-miR-488_st,EXT1
hsa-miR-488_st,FAM120A
hsa-miR-488_st,FAM126B
hsa-miR-488_st,FAM149B1
hsa-miR-488_st,FAM179A
hsa-miR-488_st,FAM49B
hsa-miR-488_st,FAM69A
hsa-miR-488_st,FBXL5
hsa-miR-488_st,FBXO9
hsa-miR-488_st,FEM1C
hsa-miR-488_st,FGD1
hsa-miR-488_st,FITM2
hsa-miR-488_st,FOXE1
hsa-miR-488_st,FSCN1
hsa-miR-488_st,FUT8
hsa-miR-488_st,AMPD3
hsa-miR-488_st,GMPS
hsa-miR-488_st,ANKRD28
hsa-miR-488_st,GPSM2
hsa-miR-488_st,GTF2I
hsa-miR-488_st,HAS2
hsa-miR-488_st,HEPACAM
hsa-miR-488_st,HFE
hsa-miR-488_st,HM13
hsa-miR-488_st,IER2
hsa-miR-488_st,IMPACT
hsa-miR-488_st,AP3B1
hsa-miR-488_st,ITGB3BP
hsa-miR-488_st,JDP2
hsa-miR-488_st,KCNS2
hsa-miR-488_st,APTX
hsa-miR-488_st,KNG1
hsa-miR-488_st,KPNA4
hsa-miR-488_st,LITAF
hsa-miR-488_st,ARFIP2
hsa-miR-488_st,LRRC40
hsa-miR-488_st,LRRC41
hsa-miR-488_st,LUC7L2
hsa-miR-488_st,MAP3K7
hsa-miR-488_st,MAVS
hsa-miR-488_st,ARHGEF11
hsa-miR-488_st,MGAT2
hsa-miR-488_st,MIP
hsa-miR-488_st,MMP16
hsa-miR-488_st,MNAT1
hsa-miR-488_st,MSH6
hsa-miR-488_st,ARID3A
hsa-miR-488_st,MYCBP2
hsa-miR-488_st,ABRA
hsa-miR-488_st,NIPAL3
hsa-miR-488_st,NLGN3
hsa-miR-488_st,ARMCX3
hsa-miR-488_st,NRSN2
hsa-miR-488_st,NUP88
hsa-miR-488_st,ORC2
hsa-miR-488_st,PAG1
hsa-miR-488_st,PANX1
hsa-miR-488_st,PAPD5
hsa-miR-488_st,PCDHB16
hsa-miR-488_st,PDE3A
hsa-miR-488_st,PGRMC2
hsa-miR-488_st,PHF19
hsa-miR-488_st,PHF8
hsa-miR-488_st,PHKA2
hsa-miR-488_st,PLD5
hsa-miR-488_st,PLSCR1
hsa-miR-488_st,POLR2F
hsa-miR-488_st,POMC
hsa-miR-488_st,PRCP
hsa-miR-488_st,PSEN1
hsa-miR-488_st,RAB39B
hsa-miR-488_st,RAB4A
hsa-miR-488_st,RAB9B
hsa-miR-488_st,RAC1
hsa-miR-488_st,RANBP2
hsa-miR-488_st,RAPGEF4
hsa-miR-488_st,RBBP5
hsa-miR-488_st,RFXAP
hsa-miR-488_st,RHEB
hsa-miR-488_st,RHOT1
hsa-miR-488_st,RNF149
hsa-miR-488_st,ROCK1
hsa-miR-488_st,RPP25
hsa-miR-488_st,B3GALNT2
hsa-miR-488_st,B3GAT2
hsa-miR-488_st,RXRB
hsa-miR-488_st,S1PR1
hsa-miR-488_st,SARS
hsa-miR-488_st,SHB
hsa-miR-488_st,SIN3A
hsa-miR-488_st,SKP1
hsa-miR-488_st,SLC17A7
hsa-miR-488_st,SLC2A12
hsa-miR-488_st,SLC35E2B
hsa-miR-488_st,SLC39A2
hsa-miR-488_st,SLC9A7
hsa-miR-488_st,SNX27
hsa-miR-488_st,SSTR1
hsa-miR-488_st,STAM
hsa-miR-488_st,STK25
hsa-miR-488_st,STON1
hsa-miR-488_st,SUGT1
hsa-miR-488_st,SUPT3H
hsa-miR-488_st,SUPT5H
hsa-miR-488_st,TANC2
hsa-miR-488_st,TBC1D12
hsa-miR-488_st,BMP2
hsa-miR-488_st,TET3
hsa-miR-488_st,TLR5
hsa-miR-488_st,TMEM105
hsa-miR-488_st,TMEM168
hsa-miR-488_st,TMEM184C
hsa-miR-488_st,TNFAIP8
hsa-miR-488_st,BRPF1
hsa-miR-488_st,TTLL3
hsa-miR-488_st,BTG1
hsa-miR-488_st,UBC
hsa-miR-488_st,USP30
hsa-miR-488_st,USP31
hsa-miR-488_st,USP48
hsa-miR-488_st,UTP15
hsa-miR-488_st,VPS29
hsa-miR-488_st,VPS35
hsa-miR-488_st,VPS4B
hsa-miR-488_st,VSIG10
hsa-miR-488_st,WDR7
hsa-miR-488_st,WIZ
hsa-miR-488_st,C11orf73
hsa-miR-488_st,XIAP
hsa-miR-488_st,XYLB
hsa-miR-488_st,ZDHHC8
hsa-miR-488_st,ZNF23
hsa-miR-488_st,ZNF366
hsa-miR-488_st,ZNF687
hsa-miR-488_st,ZNHIT6
hsa-miR-488_st,C17orf85
hsa-miR-488_st,ACVR1C
hsa-miR-488_st,C5orf42
hsa-miR-488_st,ADAM11
hsa-miR-488_st,ADAM9
hsa-miR-496_st,IPO11
hsa-miR-496_st,ITCH
hsa-miR-496_st,LPCAT2
hsa-miR-496_st,NFE2L3
hsa-miR-496_st,RER1
hsa-miR-496_st,BDP1
hsa-miR-496_st,BET1L
hsa-miR-496_st,TCERG1
hsa-miR-496_st,TRAF7
hsa-miR-497_st,CCDC158
hsa-miR-497_st,CCDC42B
hsa-miR-497_st,CCDC6
hsa-miR-497_st,CCNJL
hsa-miR-497_st,CCNYL1
hsa-miR-497_st,CD28
hsa-miR-497_st,ADAMTS5
hsa-miR-497_st,CDC25B
hsa-miR-497_st,CDC42EP2
hsa-miR-497_st,CDC6
hsa-miR-497_st,CDCA2
hsa-miR-497_st,CDCA4
hsa-miR-497_st,ADAMTSL3
hsa-miR-497_st,CDK12
hsa-miR-497_st,ADAP1
hsa-miR-497_st,CHD2
hsa-miR-497_st,CHD9
hsa-miR-497_st,CHRNE
hsa-miR-497_st,CNKSR3
hsa-miR-497_st,CNNM2
hsa-miR-497_st,CNTNAP1
hsa-miR-497_st,CNTNAP5
hsa-miR-497_st,ADO
hsa-miR-497_st,COL4A3BP
hsa-miR-497_st,ADRB2
hsa-miR-497_st,CRIM1
hsa-miR-497_st,CRKL
hsa-miR-497_st,CRTC3
hsa-miR-497_st,CSMD1
hsa-miR-497_st,CTDSPL
hsa-miR-497_st,CYB561D1
hsa-miR-497_st,DACH1
hsa-miR-497_st,DAGLA
hsa-miR-497_st,DAND5
hsa-miR-497_st,DCAF5
hsa-miR-497_st,DCAF7
hsa-miR-497_st,DCAF8
hsa-miR-497_st,AGPS
hsa-miR-497_st,DNAJB2
hsa-miR-497_st,DNAJC5
hsa-miR-497_st,AHNAK2
hsa-miR-497_st,DRP2
hsa-miR-497_st,DTX4
hsa-miR-497_st,DYNC1I1
hsa-miR-497_st,E2F3
hsa-miR-497_st,EFNB2
hsa-miR-497_st,EIF2B5
hsa-miR-497_st,EIF4E
hsa-miR-497_st,EIF5A2
hsa-miR-497_st,ELK4
hsa-miR-497_st,ELL
hsa-miR-497_st,ELOVL6
hsa-miR-497_st,EN2
hsa-miR-497_st,EPB41L1
hsa-miR-497_st,EPHA7
hsa-miR-497_st,ERBB4
hsa-miR-497_st,ESRP1
hsa-miR-497_st,ETV1
hsa-miR-497_st,FAM134C
hsa-miR-497_st,FAM63B
hsa-miR-497_st,FAM65B
hsa-miR-497_st,FAM81A
hsa-miR-497_st,ALKBH6
hsa-miR-497_st,FBXW7
hsa-miR-497_st,FGF1
hsa-miR-497_st,FGF18
hsa-miR-497_st,FMNL3
hsa-miR-497_st,FNIP2
hsa-miR-497_st,AMIGO1
hsa-miR-497_st,FOXK1
hsa-miR-497_st,FRYL
hsa-miR-497_st,FUBP1
hsa-miR-497_st,AMOTL2
hsa-miR-497_st,GABRE
hsa-miR-497_st,GABRR2
hsa-miR-497_st,GAS2L3
hsa-miR-497_st,GIGYF1
hsa-miR-497_st,ANK3
hsa-miR-497_st,GNAQ
hsa-miR-497_st,GPATCH8
hsa-miR-497_st,GPRIN3
hsa-miR-497_st,GRK5
hsa-miR-497_st,ANKRD40
hsa-miR-497_st,HCFC2
hsa-miR-497_st,HCN1
hsa-miR-497_st,HECTD1
hsa-miR-497_st,HIP1
hsa-miR-497_st,HK2
hsa-miR-497_st,ANO3
hsa-miR-497_st,HOXA3
hsa-miR-497_st,HOXC11
hsa-miR-497_st,HOXC8
hsa-miR-497_st,HPSE
hsa-miR-497_st,HSDL1
hsa-miR-497_st,HSPG2
hsa-miR-497_st,IGF2R
hsa-miR-497_st,IKBKB
hsa-miR-497_st,IL1RAPL1
hsa-miR-497_st,IL21R
hsa-miR-497_st,IRAK2
hsa-miR-497_st,IRGQ
hsa-miR-497_st,IRS1
hsa-miR-497_st,ISLR
hsa-miR-497_st,ITGA10
hsa-miR-497_st,ITGA2
hsa-miR-497_st,KANK1
hsa-miR-497_st,KCNC2
hsa-miR-497_st,KCNC4
hsa-miR-497_st,KCNN4
hsa-miR-497_st,APLNR
hsa-miR-497_st,KCTD6
hsa-miR-497_st,KDR
hsa-miR-497_st,KIAA0226
hsa-miR-497_st,KIAA1432
hsa-miR-497_st,KIF23
hsa-miR-497_st,KLF4
hsa-miR-497_st,KLF5
hsa-miR-497_st,KRT80
hsa-miR-497_st,KRT85
hsa-miR-497_st,KRTAP10-4
hsa-miR-497_st,KRTAP10-5
hsa-miR-497_st,KRTAP17-1
hsa-miR-497_st,KRTAP4-4
hsa-miR-497_st,LATS2
hsa-miR-497_st,LIF
hsa-miR-497_st,LIN28A
hsa-miR-497_st,LMO7
hsa-miR-497_st,LPHN1
hsa-miR-497_st,LRRC14
hsa-miR-497_st,LRRC15
hsa-miR-497_st,LTBP2
hsa-miR-497_st,LTBP4
hsa-miR-497_st,MACC1
hsa-miR-497_st,MAFK
hsa-miR-497_st,MAP1A
hsa-miR-497_st,MAP3K3
hsa-miR-497_st,MAP3K9
hsa-miR-497_st,MARCH4
hsa-miR-497_st,ARHGAP42
hsa-miR-497_st,MARCH9
hsa-miR-497_st,MCF2L
hsa-miR-497_st,MLLT6
hsa-miR-497_st,MMP24
hsa-miR-497_st,MMS19
hsa-miR-497_st,MPHOSPH9
hsa-miR-497_st,MTMR11
hsa-miR-497_st,MYB
hsa-miR-497_st,MYT1L
hsa-miR-497_st,N4BP1
hsa-miR-497_st,NCKIPSD
hsa-miR-497_st,NCOR2
hsa-miR-497_st,ARL5B
hsa-miR-497_st,NEK10
hsa-miR-497_st,NEK9
hsa-miR-497_st,NFASC
hsa-miR-497_st,NFE2L1
hsa-miR-497_st,ARMC8
hsa-miR-497_st,NISCH
hsa-miR-497_st,NLGN1
hsa-miR-497_st,NLRP1
hsa-miR-497_st,NMNAT2
hsa-miR-497_st,NOVA1
hsa-miR-497_st,NR2C2
hsa-miR-497_st,NUCKS1
hsa-miR-497_st,NUFIP2
hsa-miR-497_st,ABTB2
hsa-miR-497_st,ARRDC4
hsa-miR-497_st,ARSG
hsa-miR-497_st,PAQR3
hsa-miR-497_st,PARD6B
hsa-miR-497_st,PAX2
hsa-miR-497_st,PCDH1
hsa-miR-497_st,ASB7
hsa-miR-497_st,PCDHAC1
hsa-miR-497_st,PDAP1
hsa-miR-497_st,ASH1L
hsa-miR-497_st,PDPK1
hsa-miR-497_st,PELI2
hsa-miR-497_st,PEX13
hsa-miR-497_st,PEX6
hsa-miR-497_st,PHF19
hsa-miR-497_st,PHKG2
hsa-miR-497_st,PI4KB
hsa-miR-497_st,PIK3IP1
hsa-miR-497_st,PIP4K2C
hsa-miR-497_st,PISD
hsa-miR-497_st,PITPNM3
hsa-miR-497_st,PLEKHG1
hsa-miR-497_st,PLEKHH1
hsa-miR-497_st,PLEKHH2
hsa-miR-497_st,PLXNA1
hsa-miR-497_st,PNPLA6
hsa-miR-497_st,PPAP2B
hsa-miR-497_st,PPIL4
hsa-miR-497_st,PPM1H
hsa-miR-497_st,PPP1R3F
hsa-miR-497_st,PRSS12
hsa-miR-497_st,PTCH1
hsa-miR-497_st,RAB11FIP1
hsa-miR-497_st,RAB11FIP2
hsa-miR-497_st,RAB37
hsa-miR-497_st,RAB3B
hsa-miR-497_st,RAB4B
hsa-miR-497_st,RAPGEF1
hsa-miR-497_st,RASIP1
hsa-miR-497_st,RELN
hsa-miR-497_st,RFX3
hsa-miR-497_st,ATXN7L1
hsa-miR-497_st,RNF10
hsa-miR-497_st,RNF152
hsa-miR-497_st,RNF165
hsa-miR-497_st,AVL9
hsa-miR-497_st,AVPR2
hsa-miR-497_st,ROCK2
hsa-miR-497_st,RORB
hsa-miR-497_st,RSF1
hsa-miR-497_st,RUNX1
hsa-miR-497_st,SCN1A
hsa-miR-497_st,SCN8A
hsa-miR-497_st,SEC31B
hsa-miR-497_st,BACE1
hsa-miR-497_st,SEMA6D
hsa-miR-497_st,SEPT4
hsa-miR-497_st,SESN2
hsa-miR-497_st,SFXN2
hsa-miR-497_st,SGIP1
hsa-miR-497_st,SHCBP1
hsa-miR-497_st,SHROOM3
hsa-miR-497_st,SIAH1
hsa-miR-497_st,SLC23A3
hsa-miR-497_st,SLC24A3
hsa-miR-497_st,SLC30A3
hsa-miR-497_st,SLC35B2
hsa-miR-497_st,SLC36A1
hsa-miR-497_st,SLC38A7
hsa-miR-497_st,BCL11B
hsa-miR-497_st,SLC6A11
hsa-miR-497_st,SLC7A1
hsa-miR-497_st,SLC9A8
hsa-miR-497_st,SLITRK1
hsa-miR-497_st,BCL2L2
hsa-miR-497_st,SNAP25
hsa-miR-497_st,SNRK
hsa-miR-497_st,SNX11
hsa-miR-497_st,SOCS5
hsa-miR-497_st,SP4
hsa-miR-497_st,SPOCD1
hsa-miR-497_st,SPPL3
hsa-miR-497_st,SPRED1
hsa-miR-497_st,SPRY4
hsa-miR-497_st,STARD9
hsa-miR-497_st,STK38
hsa-miR-497_st,STK40
hsa-miR-497_st,BHLHE41
hsa-miR-497_st,STOX2
hsa-miR-497_st,BICD1
hsa-miR-497_st,STXBP1
hsa-miR-497_st,SUZ12
hsa-miR-497_st,SWAP70
hsa-miR-497_st,SYDE1
hsa-miR-497_st,SYNJ1
hsa-miR-497_st,SYTL2
hsa-miR-497_st,TBC1D4
hsa-miR-497_st,TBP
hsa-miR-497_st,TBX18
hsa-miR-497_st,TCF3
hsa-miR-497_st,TET3
hsa-miR-497_st,TFCP2
hsa-miR-497_st,TLN2
hsa-miR-497_st,TMC7
hsa-miR-497_st,TMCC1
hsa-miR-497_st,TMEM154
hsa-miR-497_st,TMEM55B
hsa-miR-497_st,TMPPE
hsa-miR-497_st,TNFAIP2
hsa-miR-497_st,TNIK
hsa-miR-497_st,TPRG1
hsa-miR-497_st,TRAK1
hsa-miR-497_st,TRIM29
hsa-miR-497_st,TRIM39
hsa-miR-497_st,BSN
hsa-miR-497_st,TRPM3
hsa-miR-497_st,TSPAN5
hsa-miR-497_st,UBE2B
hsa-miR-497_st,UBN2
hsa-miR-497_st,UNC5B
hsa-miR-497_st,USP6NL
hsa-miR-497_st,VGLL2
hsa-miR-497_st,WDR37
hsa-miR-497_st,WDR91
hsa-miR-497_st,WISP1
hsa-miR-497_st,WWC1
hsa-miR-497_st,WWP2
hsa-miR-497_st,XPR1
hsa-miR-497_st,XYLT1
hsa-miR-497_st,YTHDC1
hsa-miR-497_st,ZBTB39
hsa-miR-497_st,ZFP41
hsa-miR-497_st,ZNF469
hsa-miR-497_st,ZNF592
hsa-miR-497_st,ZNF652
hsa-miR-497_st,ZNF697
hsa-miR-497_st,ZNRF2
hsa-miR-497_st,C20orf194
hsa-miR-497_st,C2orf68
hsa-miR-497_st,C4orf26
hsa-miR-497_st,ACVR2B
hsa-miR-497_st,CACNA1I
hsa-miR-497_st,CACNG2
hsa-miR-497_st,CADM1
hsa-miR-497_st,CASR
hsa-miR-497_st,CBLC
hsa-miR-497_st,CBX4
hsa-miR-501-3p_st,PARM1
hsa-miR-501-3p_st,SLC32A1
hsa-miR-502-3p_st,CDH5
hsa-miR-502-3p_st,ADCY2
hsa-miR-502-3p_st,CPNE2
hsa-miR-502-3p_st,CRAMP1L
hsa-miR-502-3p_st,FAM131B
hsa-miR-502-3p_st,FJX1
hsa-miR-502-3p_st,GNPTG
hsa-miR-502-3p_st,ILVBL
hsa-miR-502-3p_st,JAG2
hsa-miR-502-3p_st,KCNC3
hsa-miR-502-3p_st,KCND3
hsa-miR-502-3p_st,KCTD9
hsa-miR-502-3p_st,MYCN
hsa-miR-502-3p_st,PEG10
hsa-miR-502-3p_st,PHOX2B
hsa-miR-502-3p_st,POU3F1
hsa-miR-502-3p_st,PPP2R2C
hsa-miR-502-3p_st,RIMKLA
hsa-miR-502-3p_st,RNF144A
hsa-miR-502-3p_st,RPRD1B
hsa-miR-502-3p_st,SCN2B
hsa-miR-502-3p_st,SIM1
hsa-miR-502-3p_st,SLA2
hsa-miR-502-3p_st,SLC25A26
hsa-miR-502-3p_st,ST8SIA2
hsa-miR-502-3p_st,TARDBP
hsa-miR-502-3p_st,TMEM151B
hsa-miR-502-3p_st,TMEM198
hsa-miR-502-3p_st,TMEM65
hsa-miR-502-3p_st,UNC80
hsa-miR-502-3p_st,USP37
hsa-miR-502-3p_st,XKR6
hsa-miR-502-3p_st,ZBTB43
hsa-miR-524-3p_st,CLCN4
hsa-miR-524-3p_st,EHMT1
hsa-miR-524-3p_st,EXPH5
hsa-miR-524-3p_st,FCHSD2
hsa-miR-524-3p_st,FER
hsa-miR-524-3p_st,FOSL2
hsa-miR-524-3p_st,GNAS
hsa-miR-524-3p_st,GOLGA3
hsa-miR-524-3p_st,GRWD1
hsa-miR-524-3p_st,HMG20B
hsa-miR-524-3p_st,HSF2
hsa-miR-524-3p_st,KDM5B
hsa-miR-524-3p_st,KIF3B
hsa-miR-524-3p_st,KLF7
hsa-miR-524-3p_st,KPNA6
hsa-miR-524-3p_st,LANCL3
hsa-miR-524-3p_st,LIN28A
hsa-miR-524-3p_st,MAP7D1
hsa-miR-524-3p_st,MEF2D
hsa-miR-524-3p_st,NACC1
hsa-miR-524-3p_st,NACC2
hsa-miR-524-3p_st,NAV1
hsa-miR-524-3p_st,NCOA2
hsa-miR-524-3p_st,NEDD4
hsa-miR-524-3p_st,NR1H2
hsa-miR-524-3p_st,PDE4D
hsa-miR-524-3p_st,ATP13A1
hsa-miR-524-3p_st,PTGFRN
hsa-miR-524-3p_st,PTP4A3
hsa-miR-524-3p_st,PTPMT1
hsa-miR-524-3p_st,RAB9A
hsa-miR-524-3p_st,RBBP8
hsa-miR-524-3p_st,RCOR1
hsa-miR-524-3p_st,ATXN2L
hsa-miR-524-3p_st,RLIM
hsa-miR-524-3p_st,RNF19B
hsa-miR-524-3p_st,SH3BP4
hsa-miR-524-3p_st,SIK3
hsa-miR-524-3p_st,SIX3
hsa-miR-524-3p_st,SLC12A6
hsa-miR-524-3p_st,SLC35E1
hsa-miR-524-3p_st,SON
hsa-miR-524-3p_st,SORBS2
hsa-miR-524-3p_st,STK4
hsa-miR-524-3p_st,THBD
hsa-miR-524-3p_st,TNRC6B
hsa-miR-524-3p_st,TRAPPC10
hsa-miR-524-3p_st,UQCRB
hsa-miR-524-3p_st,YPEL5
hsa-miR-524-3p_st,ZCCHC24
hsa-miR-524-3p_st,C14orf166
hsa-miR-524-3p_st,C9orf114
hsa-miR-524-3p_st,CACNB3
hsa-miR-524-3p_st,CAMK2N1
hsa-miR-532-5p_st,CHST2
hsa-miR-532-5p_st,DNMT3A
hsa-miR-532-5p_st,ANTXR2
hsa-miR-532-5p_st,HSPA9
hsa-miR-532-5p_st,IGDCC4
hsa-miR-532-5p_st,ITGB8
hsa-miR-532-5p_st,KLF13
hsa-miR-532-5p_st,SLC39A8
hsa-miR-532-5p_st,SRRM2
hsa-miR-532-5p_st,UBXN7
hsa-miR-532-5p_st,CAMK2N1
hsa-miR-590-5p_st,CDKN2C
hsa-miR-590-5p_st,CNTFR
hsa-miR-590-5p_st,COL4A1
hsa-miR-590-5p_st,CSRNP3
hsa-miR-590-5p_st,EFNA2
hsa-miR-590-5p_st,FASLG
hsa-miR-590-5p_st,FOXG1
hsa-miR-590-5p_st,GATA2
hsa-miR-590-5p_st,NFIB
hsa-miR-590-5p_st,ARMC10
hsa-miR-590-5p_st,NIPAL1
hsa-miR-590-5p_st,NTF3
hsa-miR-590-5p_st,OSR1
hsa-miR-590-5p_st,PI15
hsa-miR-590-5p_st,PITX2
hsa-miR-590-5p_st,PURG
hsa-miR-590-5p_st,PVRL3
hsa-miR-590-5p_st,RGS7BP
hsa-miR-590-5p_st,SNX19
hsa-miR-590-5p_st,BMP3
hsa-miR-590-5p_st,TNKS
hsa-miR-590-5p_st,BTG2
hsa-miR-590-5p_st,XKR6
hsa-miR-590-5p_st,C11orf87
hsa-miR-613_st,CNNM2
hsa-miR-613_st,ADRBK2
hsa-miR-613_st,CTBP2
hsa-miR-613_st,DLG4
hsa-miR-613_st,DNAJC5
hsa-miR-613_st,EBPL
hsa-miR-613_st,EYA3
hsa-miR-613_st,FAM168A
hsa-miR-613_st,FAM84A
hsa-miR-613_st,ANKRD10
hsa-miR-613_st,HOXA3
hsa-miR-613_st,KIAA0040
hsa-miR-613_st,KIAA1462
hsa-miR-613_st,LRRC8A
hsa-miR-613_st,MAP4K3
hsa-miR-613_st,MAPK3
hsa-miR-613_st,ABL2
hsa-miR-613_st,MIPOL1
hsa-miR-613_st,MYO1E
hsa-miR-613_st,NDFIP2
hsa-miR-613_st,NINJ1
hsa-miR-613_st,PDE12
hsa-miR-613_st,PIGF
hsa-miR-613_st,PLEKHO2
hsa-miR-613_st,RBM26
hsa-miR-613_st,SAMD8
hsa-miR-613_st,SCD
hsa-miR-613_st,SH3GL1
hsa-miR-613_st,SLC37A3
hsa-miR-613_st,SLC7A11
hsa-miR-613_st,SMAD2
hsa-miR-613_st,BMF
hsa-miR-613_st,TECPR2
hsa-miR-613_st,TMEM120B
hsa-miR-613_st,TMEM135
hsa-miR-613_st,TMEM98
hsa-miR-613_st,ZBTB7A
hsa-miR-613_st,ZFHX4
hsa-miR-613_st,ZNF516
hsa-miR-613_st,ZNF827
hsa-miR-613_st,C2orf68
hsa-miR-670_st,CYB5D1
hsa-miR-670_st,DNAJC14
hsa-miR-670_st,DVL1
hsa-miR-670_st,EBF4
hsa-miR-670_st,ECE1
hsa-miR-670_st,ECHDC3
hsa-miR-670_st,EIF4EBP1
hsa-miR-670_st,EMID1
hsa-miR-670_st,ENPP1
hsa-miR-670_st,FAM174B
hsa-miR-670_st,ALG6
hsa-miR-670_st,FBXW4
hsa-miR-670_st,FOXD2
hsa-miR-670_st,FUT1
hsa-miR-670_st,GGT7
hsa-miR-670_st,ANPEP
hsa-miR-670_st,ITGB3
hsa-miR-670_st,KIAA1467
hsa-miR-670_st,LBH
hsa-miR-670_st,LGI2
hsa-miR-670_st,LIMK1
hsa-miR-670_st,MAMDC2
hsa-miR-670_st,MAP2K7
hsa-miR-670_st,MAP3K10
hsa-miR-670_st,MTUS2
hsa-miR-670_st,NCLN
hsa-miR-670_st,NKPD1
hsa-miR-670_st,NT5DC1
hsa-miR-670_st,NUDC
hsa-miR-670_st,OSBPL9
hsa-miR-670_st,PLEKHM3
hsa-miR-670_st,PPAT
hsa-miR-670_st,PPP5C
hsa-miR-670_st,ATP10D
hsa-miR-670_st,PTPRU
hsa-miR-670_st,RASGRF2
hsa-miR-670_st,RHOT2
hsa-miR-670_st,RNASEH2C
hsa-miR-670_st,RUSC2
hsa-miR-670_st,SCARF1
hsa-miR-670_st,SCLY
hsa-miR-670_st,SEPN1
hsa-miR-670_st,SH3TC2
hsa-miR-670_st,SIGIRR
hsa-miR-670_st,SLC16A6
hsa-miR-670_st,SLC24A2
hsa-miR-670_st,TAZ
hsa-miR-670_st,TDG
hsa-miR-670_st,TJAP1
hsa-miR-670_st,TMEM19
hsa-miR-670_st,BRSK2
hsa-miR-670_st,TRIM5
hsa-miR-670_st,TSHZ2
hsa-miR-670_st,TSNARE1
hsa-miR-670_st,TYSND1
hsa-miR-670_st,UBR7
hsa-miR-670_st,UBTD1
hsa-miR-670_st,USP2
hsa-miR-670_st,VTCN1
hsa-miR-670_st,WDR31
hsa-miR-670_st,ZCCHC8
hsa-miR-670_st,ZNF570
hsa-miR-670_st,ZNF8
hsa-miR-670_st,C7orf26
hsa-miR-708_st,CCDC42B
hsa-miR-708_st,CDKN2AIP
hsa-miR-708_st,CNTFR
hsa-miR-708_st,DAP
hsa-miR-708_st,DERL2
hsa-miR-708_st,DGCR6L
hsa-miR-708_st,DOK7
hsa-miR-708_st,ECSIT
hsa-miR-708_st,EPOR
hsa-miR-708_st,FOXN3
hsa-miR-708_st,GMPPB
hsa-miR-708_st,GPR88
hsa-miR-708_st,IFFO2
hsa-miR-708_st,KDM5C
hsa-miR-708_st,KLHL36
hsa-miR-708_st,LRRC14
hsa-miR-708_st,MARCH9
hsa-miR-708_st,MTCP1
hsa-miR-708_st,NUDT16L1
hsa-miR-708_st,ONECUT1
hsa-miR-708_st,AS3MT
hsa-miR-708_st,PDZD4
hsa-miR-708_st,PEX6
hsa-miR-708_st,PEX7
hsa-miR-708_st,PHKG2
hsa-miR-708_st,PIGV
hsa-miR-708_st,PPM1K
hsa-miR-708_st,PTPN4
hsa-miR-708_st,RBM23
hsa-miR-708_st,SF3A1
hsa-miR-708_st,SFXN2
hsa-miR-708_st,SLC16A7
hsa-miR-708_st,BCAM
hsa-miR-708_st,SLC37A4
hsa-miR-708_st,BEGAIN
hsa-miR-708_st,SSRP1
hsa-miR-708_st,TEX261
hsa-miR-708_st,TMEM200B
hsa-miR-708_st,TXNL1
hsa-miR-708_st,VAMP2
hsa-miR-708_st,WIPF2
hsa-miR-708_st,C11orf84
hsa-miR-708_st,C4orf50
hsa-miR-93_st,CCDC69
hsa-miR-93_st,CCNG1
hsa-miR-93_st,CCNJ
hsa-miR-93_st,CD274
hsa-miR-93_st,CDC40
hsa-miR-93_st,CNOT7
hsa-miR-93_st,COQ2
hsa-miR-93_st,AFF1
hsa-miR-93_st,DENND5B
hsa-miR-93_st,DIRC2
hsa-miR-93_st,DNAJB9
hsa-miR-93_st,EXOC6B
hsa-miR-93_st,FAM129A
hsa-miR-93_st,FAM46C
hsa-miR-93_st,FIGN
hsa-miR-93_st,FOXJ3
hsa-miR-93_st,GATAD2B
hsa-miR-93_st,GIT2
hsa-miR-93_st,GPR146
hsa-miR-93_st,KAT2B
hsa-miR-93_st,KIAA0922
hsa-miR-93_st,KIAA2018
hsa-miR-93_st,KLF10
hsa-miR-93_st,KLF11
hsa-miR-93_st,KLF3
hsa-miR-93_st,KLF6
hsa-miR-93_st,KLF9
hsa-miR-93_st,LMO3
hsa-miR-93_st,LRIG1
hsa-miR-93_st,MAP3K5
hsa-miR-93_st,MAPRE1
hsa-miR-93_st,MARCH8
hsa-miR-93_st,MBNL3
hsa-miR-93_st,MKNK2
hsa-miR-93_st,MOSPD2
hsa-miR-93_st,MRPS30
hsa-miR-93_st,MXI1
hsa-miR-93_st,NACC2
hsa-miR-93_st,NCOA3
hsa-miR-93_st,NEDD4L
hsa-miR-93_st,NFIB
hsa-miR-93_st,ORMDL3
hsa-miR-93_st,PCMTD1
hsa-miR-93_st,PHF1
hsa-miR-93_st,PIKFYVE
hsa-miR-93_st,ATF7IP
hsa-miR-93_st,PPP1R15B
hsa-miR-93_st,PPP6C
hsa-miR-93_st,PURG
hsa-miR-93_st,RASL11B
hsa-miR-93_st,RBL2
hsa-miR-93_st,RBM15B
hsa-miR-93_st,RNF38
hsa-miR-93_st,RORC
hsa-miR-93_st,SERTAD2
hsa-miR-93_st,BAG5
hsa-miR-93_st,SLAIN2
hsa-miR-93_st,SLC1A2
hsa-miR-93_st,SLC25A38
hsa-miR-93_st,BBX
hsa-miR-93_st,SLC41A1
hsa-miR-93_st,SLC45A4
hsa-miR-93_st,SLC48A1
hsa-miR-93_st,SUV420H1
hsa-miR-93_st,SYNE1
hsa-miR-93_st,SYT7
hsa-miR-93_st,TBC1D17
hsa-miR-93_st,TCEB3
hsa-miR-93_st,TMEM132B
hsa-miR-93_st,TOPORS
hsa-miR-93_st,TP53INP1
hsa-miR-93_st,TPPP
hsa-miR-93_st,BRWD1
hsa-miR-93_st,BTG2
hsa-miR-93_st,VPS13A
hsa-miR-93_st,C11orf30
hsa-miR-93_st,ZDHHC1
hsa-miR-93_st,ZXDA
hsa-miR-93_st,ACVR1B
hsa-miR-93_st,CAPRIN2
hsa-miR-96_st,CCDC50
hsa-miR-96_st,CCNG2
hsa-miR-96_st,CD248
hsa-miR-96_st,CELF2
hsa-miR-96_st,CEP170
hsa-miR-96_st,CEP97
hsa-miR-96_st,CFL1
hsa-miR-96_st,CHST1
hsa-miR-96_st,CLIC5
hsa-miR-96_st,CTTN
hsa-miR-96_st,DCUN1D3
hsa-miR-96_st,DDHD1
hsa-miR-96_st,DHX36
hsa-miR-96_st,AHR
hsa-miR-96_st,DRGX
hsa-miR-96_st,DYRK2
hsa-miR-96_st,EFNA1
hsa-miR-96_st,EFNA5
hsa-miR-96_st,EPHA3
hsa-miR-96_st,FAM110B
hsa-miR-96_st,FAM49B
hsa-miR-96_st,FAM60A
hsa-miR-96_st,FBXO32
hsa-miR-96_st,FLOT1
hsa-miR-96_st,FN1
hsa-miR-96_st,FOXF2
hsa-miR-96_st,FOXO3
hsa-miR-96_st,FRMD5
hsa-miR-96_st,FYN
hsa-miR-96_st,GAP43
hsa-miR-96_st,GPR39
hsa-miR-96_st,HBEGF
hsa-miR-96_st,HECW2
hsa-miR-96_st,HOXA5
hsa-miR-96_st,HS3ST1
hsa-miR-96_st,ABHD4
hsa-miR-96_st,IDS
hsa-miR-96_st,IGSF3
hsa-miR-96_st,ITPR1
hsa-miR-96_st,KCNK5
hsa-miR-96_st,KIAA0087
hsa-miR-96_st,LAMC1
hsa-miR-96_st,LIPH
hsa-miR-96_st,MAF
hsa-miR-96_st,MAL2
hsa-miR-96_st,MAP1B
hsa-miR-96_st,MAP4K4
hsa-miR-96_st,MAPRE1
hsa-miR-96_st,ARHGAP6
hsa-miR-96_st,MSN
hsa-miR-96_st,MYPN
hsa-miR-96_st,NDRG1
hsa-miR-96_st,NEK7
hsa-miR-96_st,OTUD6B
hsa-miR-96_st,PAK1
hsa-miR-96_st,PARD3B
hsa-miR-96_st,PDE7B
hsa-miR-96_st,PDLIM7
hsa-miR-96_st,PHLDB1
hsa-miR-96_st,PIK3CA
hsa-miR-96_st,PLCG1
hsa-miR-96_st,PLEKHM1
hsa-miR-96_st,PLOD2
hsa-miR-96_st,ATG16L1
hsa-miR-96_st,PPFIBP1
hsa-miR-96_st,PPM1F
hsa-miR-96_st,PPP1R15B
hsa-miR-96_st,PRDM1
hsa-miR-96_st,PSME4
hsa-miR-96_st,RAB21
hsa-miR-96_st,RAB23
hsa-miR-96_st,RCC2
hsa-miR-96_st,RHOBTB1
hsa-miR-96_st,RHPN2
hsa-miR-96_st,RILPL1
hsa-miR-96_st,RND3
hsa-miR-96_st,S100PBP
hsa-miR-96_st,SAMD12
hsa-miR-96_st,SBDS
hsa-miR-96_st,SCUBE3
hsa-miR-96_st,BAI3
hsa-miR-96_st,SHC1
hsa-miR-96_st,SLC12A5
hsa-miR-96_st,BASP1
hsa-miR-96_st,SLC30A7
hsa-miR-96_st,BCAT2
hsa-miR-96_st,SLC6A6
hsa-miR-96_st,BCL2L11
hsa-miR-96_st,SLC9A2
hsa-miR-96_st,SNX30
hsa-miR-96_st,SPAST
hsa-miR-96_st,SPSB1
hsa-miR-96_st,ST3GAL2
hsa-miR-96_st,STK10
hsa-miR-96_st,TAS2R4
hsa-miR-96_st,THBS2
hsa-miR-96_st,TP73
hsa-miR-96_st,TPM2
hsa-miR-96_st,TPRG1
hsa-miR-96_st,TRIO
hsa-miR-96_st,TSKU
hsa-miR-96_st,WHAMM
hsa-miR-96_st,YWHAG
hsa-miR-96_st,ZEB1
hsa-miR-96_st,ACVR1
hsa-miR-96_st,CACNA1C
hsa-miR-96_st,CACNB4
hsa-miR-96_st,ADAM19
hsa-miR-96_st,ADAM23
hsa-miR-1297_st,CILP
hsa-miR-1297_st,COMMD8
hsa-miR-1297_st,DNAJC24
hsa-miR-1297_st,AKAP7
hsa-miR-1297_st,FAM160A1
hsa-miR-1297_st,GABRA4
hsa-miR-1297_st,GFI1
hsa-miR-1297_st,GTF3C2
hsa-miR-1297_st,HINT1
hsa-miR-1297_st,KCTD18
hsa-miR-1297_st,KIAA1737
hsa-miR-1297_st,KIAA2013
hsa-miR-1297_st,LPAR3
hsa-miR-1297_st,MTX2
hsa-miR-1297_st,MYPOP
hsa-miR-1297_st,P2RY1
hsa-miR-1297_st,PLBD2
hsa-miR-1297_st,PRKCQ
hsa-miR-1297_st,ATP5A1
hsa-miR-1297_st,RDH14
hsa-miR-1297_st,RFK
hsa-miR-1297_st,RPGR
hsa-miR-1297_st,SLC25A20
hsa-miR-1297_st,SLCO5A1
hsa-miR-1297_st,STAC2
hsa-miR-1297_st,BLOC1S2
hsa-miR-1297_st,TBC1D13
hsa-miR-1297_st,TMEM56
hsa-miR-1297_st,USP27X
hsa-miR-1297_st,WBSCR16
hsa-miR-1297_st,WHSC1
hsa-miR-1297_st,ZNF598
hsa-miR-132_st,GLRB
hsa-miR-132_st,GMPR
hsa-miR-132_st,ARX
hsa-miR-132_st,SALL3
hsa-miR-133b_st,CDK5R1
hsa-miR-133b_st,ADARB2
hsa-miR-133b_st,CELF4
hsa-miR-133b_st,CHD3
hsa-miR-133b_st,CKAP4
hsa-miR-133b_st,ADRA2B
hsa-miR-133b_st,CPLX2
hsa-miR-133b_st,CSNK1G3
hsa-miR-133b_st,AFTPH
hsa-miR-133b_st,DCLRE1A
hsa-miR-133b_st,DOT1L
hsa-miR-133b_st,DSTYK
hsa-miR-133b_st,ABCD2
hsa-miR-133b_st,EEF1A1
hsa-miR-133b_st,ELAVL1
hsa-miR-133b_st,ENPEP
hsa-miR-133b_st,EXD2
hsa-miR-133b_st,EYA4
hsa-miR-133b_st,FAM193B
hsa-miR-133b_st,FBN2
hsa-miR-133b_st,FBXL2
hsa-miR-133b_st,AMD1
hsa-miR-133b_st,FOXP4
hsa-miR-133b_st,ANK2
hsa-miR-133b_st,GPM6A
hsa-miR-133b_st,GPR173
hsa-miR-133b_st,GRIA2
hsa-miR-133b_st,GXYLT1
hsa-miR-133b_st,ANKRD44
hsa-miR-133b_st,HLTF
hsa-miR-133b_st,AOX1
hsa-miR-133b_st,ISCA2
hsa-miR-133b_st,JDP2
hsa-miR-133b_st,KCND3
hsa-miR-133b_st,KIAA1024
hsa-miR-133b_st,KLHL11
hsa-miR-133b_st,AQP1
hsa-miR-133b_st,LANCL2
hsa-miR-133b_st,LHX5
hsa-miR-133b_st,LHX9
hsa-miR-133b_st,MPPED1
hsa-miR-133b_st,MRPL44
hsa-miR-133b_st,NLGN2
hsa-miR-133b_st,NRIP3
hsa-miR-133b_st,ARPP21
hsa-miR-133b_st,PDE10A
hsa-miR-133b_st,PDE8B
hsa-miR-133b_st,POU4F1
hsa-miR-133b_st,PPP2R4
hsa-miR-133b_st,ACAT2
hsa-miR-133b_st,PREX1
hsa-miR-133b_st,RFX6
hsa-miR-133b_st,RIMS1
hsa-miR-133b_st,RTN4RL1
hsa-miR-133b_st,RWDD2A
hsa-miR-133b_st,SACM1L
hsa-miR-133b_st,B3GNT2
hsa-miR-133b_st,SEC61B
hsa-miR-133b_st,SFXN2
hsa-miR-133b_st,SGPP1
hsa-miR-133b_st,SGSM1
hsa-miR-133b_st,SLC41A1
hsa-miR-133b_st,BCL2L2
hsa-miR-133b_st,SNX15
hsa-miR-133b_st,SOCS2
hsa-miR-133b_st,STXBP6
hsa-miR-133b_st,SVOP
hsa-miR-133b_st,TCF7
hsa-miR-133b_st,THNSL1
hsa-miR-133b_st,TMEM158
hsa-miR-133b_st,TMEM200B
hsa-miR-133b_st,TRAF3IP2
hsa-miR-133b_st,USH1G
hsa-miR-133b_st,VEGFC
hsa-miR-133b_st,WIPF2
hsa-miR-133b_st,YIPF4
hsa-miR-133b_st,ZC3H14
hsa-miR-133b_st,ZNF354B
hsa-miR-133b_st,C1QL1
hsa-miR-133b_st,C2orf69
hsa-miR-133b_st,CASC3
